"source","metric","p50_s","p90_s","p99_s"
"artifacts/agentic-cilium.k8s.local_2026-07-22_17-38-01/PodStartupLatency_TotalPodStartupLatency_agentic-sandboxes_2026-07-22T17:57:45Z.json","create_to_run","1.4761983520000002","1.898595011","5.145139132000001"
"artifacts/agentic-cilium.k8s.local_2026-07-22_17-38-01/PodStartupLatency_TotalPodStartupLatency_agentic-sandboxes_2026-07-22T17:57:45Z.json","create_to_schedule","0.006799215","0.011286371000000002","0.237673588"
"artifacts/agentic-cilium.k8s.local_2026-07-22_17-38-01/PodStartupLatency_TotalPodStartupLatency_agentic-sandboxes_2026-07-22T17:57:45Z.json","schedule_to_run","1.46293641","1.88444411","5.103665792"
"artifacts/agentic-cilium.k8s.local_2026-07-22_17-38-01/PodStartupLatency_TotalPodStartupLatency_agentic-sandboxes_2026-07-22T17:57:45Z.json","run_to_watch","0","0","0"
"artifacts/agentic-cilium.k8s.local_2026-07-22_17-38-01/PodStartupLatency_TotalPodStartupLatency_agentic-sandboxes_2026-07-22T17:57:45Z.json","schedule_to_watch","1.46293641","1.88444411","5.103665792"
"artifacts/agentic-cilium.k8s.local_2026-07-22_17-38-01/PodStartupLatency_TotalPodStartupLatency_agentic-sandboxes_2026-07-22T17:57:45Z.json","pod_startup","1.4761983520000002","1.898595011","5.145139132000001"
"artifacts/agentic-cilium.k8s.local_2026-07-22_20-55-15/PodStartupLatency_TotalPodStartupLatency_agentic-sandboxes_2026-07-22T21:08:16Z.json","schedule_to_watch","1.602066338","2.717968785","5.949357704"
"artifacts/agentic-cilium.k8s.local_2026-07-22_20-55-15/PodStartupLatency_TotalPodStartupLatency_agentic-sandboxes_2026-07-22T21:08:16Z.json","pod_startup","6.474208120999999","22.47411605","31.05446742"
"artifacts/agentic-cilium.k8s.local_2026-07-22_20-55-15/PodStartupLatency_TotalPodStartupLatency_agentic-sandboxes_2026-07-22T21:08:16Z.json","create_to_run","6.474208120999999","22.47411605","31.05446742"
"artifacts/agentic-cilium.k8s.local_2026-07-22_20-55-15/PodStartupLatency_TotalPodStartupLatency_agentic-sandboxes_2026-07-22T21:08:16Z.json","create_to_schedule","4.519084919","21.002516662999998","29.646941194"
"artifacts/agentic-cilium.k8s.local_2026-07-22_20-55-15/PodStartupLatency_TotalPodStartupLatency_agentic-sandboxes_2026-07-22T21:08:16Z.json","schedule_to_run","1.602066338","2.717968785","5.949357704"
"artifacts/agentic-cilium.k8s.local_2026-07-22_20-55-15/PodStartupLatency_TotalPodStartupLatency_agentic-sandboxes_2026-07-22T21:08:16Z.json","run_to_watch","0","0","0"
"artifacts/agentic-cilium.k8s.local_2026-07-23_22-53-51/PodStartupLatency_TotalPodStartupLatency_agentic-sandboxes_2026-07-23T23:08:02Z.json","run_to_watch","0","0","0"
"artifacts/agentic-cilium.k8s.local_2026-07-23_22-53-51/PodStartupLatency_TotalPodStartupLatency_agentic-sandboxes_2026-07-23T23:08:02Z.json","schedule_to_watch","1.596878117","2.740950503","7.732311192"
"artifacts/agentic-cilium.k8s.local_2026-07-23_22-53-51/PodStartupLatency_TotalPodStartupLatency_agentic-sandboxes_2026-07-23T23:08:02Z.json","pod_startup","10.580254156999999","48.334030631000005","68.186564812"
"artifacts/agentic-cilium.k8s.local_2026-07-23_22-53-51/PodStartupLatency_TotalPodStartupLatency_agentic-sandboxes_2026-07-23T23:08:02Z.json","create_to_run","10.580254156999999","48.334030631000005","68.186564812"
"artifacts/agentic-cilium.k8s.local_2026-07-23_22-53-51/PodStartupLatency_TotalPodStartupLatency_agentic-sandboxes_2026-07-23T23:08:02Z.json","create_to_schedule","8.342958051","46.759306096","66.617267295"
"artifacts/agentic-cilium.k8s.local_2026-07-23_22-53-51/PodStartupLatency_TotalPodStartupLatency_agentic-sandboxes_2026-07-23T23:08:02Z.json","schedule_to_run","1.596878117","2.740950503","7.732311192"
"artifacts/agentic-netpol.k8s.local_2026-07-22_02-17-41/PodStartupLatency_TotalPodStartupLatency_agentic-sandboxes_2026-07-22T02:45:34Z.json","create_to_schedule","1.285250683","4.382090446","34.376200304"
"artifacts/agentic-netpol.k8s.local_2026-07-22_02-17-41/PodStartupLatency_TotalPodStartupLatency_agentic-sandboxes_2026-07-22T02:45:34Z.json","schedule_to_run","13.90787668","54.405930868000006","110.558806175"
"artifacts/agentic-netpol.k8s.local_2026-07-22_02-17-41/PodStartupLatency_TotalPodStartupLatency_agentic-sandboxes_2026-07-22T02:45:34Z.json","run_to_watch","0","0","0"
"artifacts/agentic-netpol.k8s.local_2026-07-22_02-17-41/PodStartupLatency_TotalPodStartupLatency_agentic-sandboxes_2026-07-22T02:45:34Z.json","schedule_to_watch","13.90787668","54.405930868000006","110.558806175"
"artifacts/agentic-netpol.k8s.local_2026-07-22_02-17-41/PodStartupLatency_TotalPodStartupLatency_agentic-sandboxes_2026-07-22T02:45:34Z.json","pod_startup","15.867228293","59.437610304","115.389035202"
"artifacts/agentic-netpol.k8s.local_2026-07-22_02-17-41/PodStartupLatency_TotalPodStartupLatency_agentic-sandboxes_2026-07-22T02:45:34Z.json","create_to_run","15.867228293","59.437610304","115.389035202"
"artifacts/agentic-netpol.k8s.local_2026-07-22_16-15-15/PodStartupLatency_TotalPodStartupLatency_agentic-sandboxes_2026-07-22T16:36:00Z.json","pod_startup","2.366342223","4.284313951","11.255772220999999"
"artifacts/agentic-netpol.k8s.local_2026-07-22_16-15-15/PodStartupLatency_TotalPodStartupLatency_agentic-sandboxes_2026-07-22T16:36:00Z.json","create_to_run","2.366342223","4.284313951","11.255772220999999"
"artifacts/agentic-netpol.k8s.local_2026-07-22_16-15-15/PodStartupLatency_TotalPodStartupLatency_agentic-sandboxes_2026-07-22T16:36:00Z.json","create_to_schedule","0.205453262","0.47341147699999997","1.005571088"
"artifacts/agentic-netpol.k8s.local_2026-07-22_16-15-15/PodStartupLatency_TotalPodStartupLatency_agentic-sandboxes_2026-07-22T16:36:00Z.json","schedule_to_run","2.151117878","4.048917711","10.836896243"
"artifacts/agentic-netpol.k8s.local_2026-07-22_16-15-15/PodStartupLatency_TotalPodStartupLatency_agentic-sandboxes_2026-07-22T16:36:00Z.json","run_to_watch","0","0","0"
"artifacts/agentic-netpol.k8s.local_2026-07-22_16-15-15/PodStartupLatency_TotalPodStartupLatency_agentic-sandboxes_2026-07-22T16:36:00Z.json","schedule_to_watch","2.151117878","4.048917711","10.836896243"
"artifacts/agentic-netpol.k8s.local_2026-07-23_20-43-08/PodStartupLatency_TotalPodStartupLatency_agentic-sandboxes_2026-07-23T21:02:41Z.json","create_to_run","2.738001033","4.714451271","8.809088882"
"artifacts/agentic-netpol.k8s.local_2026-07-23_20-43-08/PodStartupLatency_TotalPodStartupLatency_agentic-sandboxes_2026-07-23T21:02:41Z.json","create_to_schedule","0.05060991","0.462420765","1.2296338519999999"
"artifacts/agentic-netpol.k8s.local_2026-07-23_20-43-08/PodStartupLatency_TotalPodStartupLatency_agentic-sandboxes_2026-07-23T21:02:41Z.json","schedule_to_run","2.632104057","4.438285191","8.282539161999999"
"artifacts/agentic-netpol.k8s.local_2026-07-23_20-43-08/PodStartupLatency_TotalPodStartupLatency_agentic-sandboxes_2026-07-23T21:02:41Z.json","run_to_watch","0","0","0"
"artifacts/agentic-netpol.k8s.local_2026-07-23_20-43-08/PodStartupLatency_TotalPodStartupLatency_agentic-sandboxes_2026-07-23T21:02:41Z.json","schedule_to_watch","2.632104057","4.438285191","8.282539161999999"
"artifacts/agentic-netpol.k8s.local_2026-07-23_20-43-08/PodStartupLatency_TotalPodStartupLatency_agentic-sandboxes_2026-07-23T21:02:41Z.json","pod_startup","2.738001033","4.714451271","8.809088882"
"artifacts/agentic-netpol.k8s.local_2026-07-23_21-18-03/PodStartupLatency_TotalPodStartupLatency_agentic-sandboxes_2026-07-23T21:36:13Z.json","schedule_to_run","12.993276017","58.262629684","112.202023703"
"artifacts/agentic-netpol.k8s.local_2026-07-23_21-18-03/PodStartupLatency_TotalPodStartupLatency_agentic-sandboxes_2026-07-23T21:36:13Z.json","run_to_watch","0","0","0"
"artifacts/agentic-netpol.k8s.local_2026-07-23_21-18-03/PodStartupLatency_TotalPodStartupLatency_agentic-sandboxes_2026-07-23T21:36:13Z.json","schedule_to_watch","12.993276017","58.262629684","112.202023703"
"artifacts/agentic-netpol.k8s.local_2026-07-23_21-18-03/PodStartupLatency_TotalPodStartupLatency_agentic-sandboxes_2026-07-23T21:36:13Z.json","pod_startup","13.54407769","59.213985149","113.437799777"
"artifacts/agentic-netpol.k8s.local_2026-07-23_21-18-03/PodStartupLatency_TotalPodStartupLatency_agentic-sandboxes_2026-07-23T21:36:13Z.json","create_to_run","13.54407769","59.213985149","113.437799777"
"artifacts/agentic-netpol.k8s.local_2026-07-23_21-18-03/PodStartupLatency_TotalPodStartupLatency_agentic-sandboxes_2026-07-23T21:36:13Z.json","create_to_schedule","0.346366277","0.975386502","1.839503361"
"artifacts_pods/archive/2026-07-27-initial-runs/agentic-cilium.k8s.local_QPS100_2026-07-27_16-40-12/PodStartupLatency_TotalPodStartupLatency_agentic-sandboxes_2026-07-27T16:57:11Z.json","schedule_to_watch","1.264274114","1.663706408","1.818436181"
"artifacts_pods/archive/2026-07-27-initial-runs/agentic-cilium.k8s.local_QPS100_2026-07-27_16-40-12/PodStartupLatency_TotalPodStartupLatency_agentic-sandboxes_2026-07-27T16:57:11Z.json","pod_startup","1.2756224680000001","1.6754010559999999","1.839407546"
"artifacts_pods/archive/2026-07-27-initial-runs/agentic-cilium.k8s.local_QPS100_2026-07-27_16-40-12/PodStartupLatency_TotalPodStartupLatency_agentic-sandboxes_2026-07-27T16:57:11Z.json","create_to_run","1.2756224680000001","1.6754010559999999","1.839407546"
"artifacts_pods/archive/2026-07-27-initial-runs/agentic-cilium.k8s.local_QPS100_2026-07-27_16-40-12/PodStartupLatency_TotalPodStartupLatency_agentic-sandboxes_2026-07-27T16:57:11Z.json","create_to_schedule","0.0061231540000000004","0.009734533","0.18940956499999997"
"artifacts_pods/archive/2026-07-27-initial-runs/agentic-cilium.k8s.local_QPS100_2026-07-27_16-40-12/PodStartupLatency_TotalPodStartupLatency_agentic-sandboxes_2026-07-27T16:57:11Z.json","schedule_to_run","1.264274114","1.663706408","1.818436181"
"artifacts_pods/archive/2026-07-27-initial-runs/agentic-cilium.k8s.local_QPS100_2026-07-27_16-40-12/PodStartupLatency_TotalPodStartupLatency_agentic-sandboxes_2026-07-27T16:57:11Z.json","run_to_watch","0","0","0"
"artifacts_pods/archive/2026-07-27-initial-runs/agentic-cilium.k8s.local_QPS200_2026-07-27_17-00-54/PodStartupLatency_TotalPodStartupLatency_agentic-sandboxes_2026-07-27T17:11:12Z.json","pod_startup","1.329570422","1.7412330669999998","2.2206721"
"artifacts_pods/archive/2026-07-27-initial-runs/agentic-cilium.k8s.local_QPS200_2026-07-27_17-00-54/PodStartupLatency_TotalPodStartupLatency_agentic-sandboxes_2026-07-27T17:11:12Z.json","create_to_run","1.329570422","1.7412330669999998","2.2206721"
"artifacts_pods/archive/2026-07-27-initial-runs/agentic-cilium.k8s.local_QPS200_2026-07-27_17-00-54/PodStartupLatency_TotalPodStartupLatency_agentic-sandboxes_2026-07-27T17:11:12Z.json","create_to_schedule","0.007578944","0.082873746","0.77151278"
"artifacts_pods/archive/2026-07-27-initial-runs/agentic-cilium.k8s.local_QPS200_2026-07-27_17-00-54/PodStartupLatency_TotalPodStartupLatency_agentic-sandboxes_2026-07-27T17:11:12Z.json","schedule_to_run","1.290404382","1.689394577","1.8611180950000001"
"artifacts_pods/archive/2026-07-27-initial-runs/agentic-cilium.k8s.local_QPS200_2026-07-27_17-00-54/PodStartupLatency_TotalPodStartupLatency_agentic-sandboxes_2026-07-27T17:11:12Z.json","run_to_watch","0","0","0"
"artifacts_pods/archive/2026-07-27-initial-runs/agentic-cilium.k8s.local_QPS200_2026-07-27_17-00-54/PodStartupLatency_TotalPodStartupLatency_agentic-sandboxes_2026-07-27T17:11:12Z.json","schedule_to_watch","1.290404382","1.689394577","1.8611180950000001"
"artifacts_pods/archive/2026-07-27-initial-runs/agentic-cilium.k8s.local_QPS50_2026-07-27_16-07-28/PodStartupLatency_TotalPodStartupLatency_agentic-sandboxes_2026-07-27T16:34:39Z.json","schedule_to_watch","1.259110405","1.666167956","4.041760785"
"artifacts_pods/archive/2026-07-27-initial-runs/agentic-cilium.k8s.local_QPS50_2026-07-27_16-07-28/PodStartupLatency_TotalPodStartupLatency_agentic-sandboxes_2026-07-27T16:34:39Z.json","pod_startup","1.265613389","1.672483054","4.051529078"
"artifacts_pods/archive/2026-07-27-initial-runs/agentic-cilium.k8s.local_QPS50_2026-07-27_16-07-28/PodStartupLatency_TotalPodStartupLatency_agentic-sandboxes_2026-07-27T16:34:39Z.json","create_to_run","1.265613389","1.672483054","4.051529078"
"artifacts_pods/archive/2026-07-27-initial-runs/agentic-cilium.k8s.local_QPS50_2026-07-27_16-07-28/PodStartupLatency_TotalPodStartupLatency_agentic-sandboxes_2026-07-27T16:34:39Z.json","create_to_schedule","0.005382685999999999","0.007468674","0.040456558000000004"
"artifacts_pods/archive/2026-07-27-initial-runs/agentic-cilium.k8s.local_QPS50_2026-07-27_16-07-28/PodStartupLatency_TotalPodStartupLatency_agentic-sandboxes_2026-07-27T16:34:39Z.json","schedule_to_run","1.259110405","1.666167956","4.041760785"
"artifacts_pods/archive/2026-07-27-initial-runs/agentic-cilium.k8s.local_QPS50_2026-07-27_16-07-28/PodStartupLatency_TotalPodStartupLatency_agentic-sandboxes_2026-07-27T16:34:39Z.json","run_to_watch","0","0","0"
"artifacts_pods/archive/2026-07-27-initial-runs/agentic-cilium.k8s.local_QPS500_2026-07-27_17-15-45/PodStartupLatency_TotalPodStartupLatency_agentic-sandboxes_2026-07-27T17:23:48Z.json","schedule_to_run","1.383061055","1.975337231","4.1349302980000004"
"artifacts_pods/archive/2026-07-27-initial-runs/agentic-cilium.k8s.local_QPS500_2026-07-27_17-15-45/PodStartupLatency_TotalPodStartupLatency_agentic-sandboxes_2026-07-27T17:23:48Z.json","run_to_watch","0","0","0"
"artifacts_pods/archive/2026-07-27-initial-runs/agentic-cilium.k8s.local_QPS500_2026-07-27_17-15-45/PodStartupLatency_TotalPodStartupLatency_agentic-sandboxes_2026-07-27T17:23:48Z.json","schedule_to_watch","1.383061055","1.975337231","4.1349302980000004"
"artifacts_pods/archive/2026-07-27-initial-runs/agentic-cilium.k8s.local_QPS500_2026-07-27_17-15-45/PodStartupLatency_TotalPodStartupLatency_agentic-sandboxes_2026-07-27T17:23:48Z.json","pod_startup","5.447200034000001","10.567805818","13.198459506999999"
"artifacts_pods/archive/2026-07-27-initial-runs/agentic-cilium.k8s.local_QPS500_2026-07-27_17-15-45/PodStartupLatency_TotalPodStartupLatency_agentic-sandboxes_2026-07-27T17:23:48Z.json","create_to_run","5.447200034000001","10.567805818","13.198459506999999"
"artifacts_pods/archive/2026-07-27-initial-runs/agentic-cilium.k8s.local_QPS500_2026-07-27_17-15-45/PodStartupLatency_TotalPodStartupLatency_agentic-sandboxes_2026-07-27T17:23:48Z.json","create_to_schedule","4.046515513","8.569920803999999","11.919372856"
"artifacts_pods/archive/2026-07-27-initial-runs/agentic-netpol.k8s.local_QPS100_2026-07-27_14-38-51/PodStartupLatency_TotalPodStartupLatency_agentic-sandboxes_2026-07-27T14:56:10Z.json","schedule_to_watch","1.6181336229999999","3.1412937419999998","8.291918876"
"artifacts_pods/archive/2026-07-27-initial-runs/agentic-netpol.k8s.local_QPS100_2026-07-27_14-38-51/PodStartupLatency_TotalPodStartupLatency_agentic-sandboxes_2026-07-27T14:56:10Z.json","pod_startup","1.6498607239999998","3.254700468","8.476342356"
"artifacts_pods/archive/2026-07-27-initial-runs/agentic-netpol.k8s.local_QPS100_2026-07-27_14-38-51/PodStartupLatency_TotalPodStartupLatency_agentic-sandboxes_2026-07-27T14:56:10Z.json","create_to_run","1.6498607239999998","3.254700468","8.476342356"
"artifacts_pods/archive/2026-07-27-initial-runs/agentic-netpol.k8s.local_QPS100_2026-07-27_14-38-51/PodStartupLatency_TotalPodStartupLatency_agentic-sandboxes_2026-07-27T14:56:10Z.json","create_to_schedule","0.009094832","0.159380398","0.39056437"
"artifacts_pods/archive/2026-07-27-initial-runs/agentic-netpol.k8s.local_QPS100_2026-07-27_14-38-51/PodStartupLatency_TotalPodStartupLatency_agentic-sandboxes_2026-07-27T14:56:10Z.json","schedule_to_run","1.6181336229999999","3.1412937419999998","8.291918876"
"artifacts_pods/archive/2026-07-27-initial-runs/agentic-netpol.k8s.local_QPS100_2026-07-27_14-38-51/PodStartupLatency_TotalPodStartupLatency_agentic-sandboxes_2026-07-27T14:56:10Z.json","run_to_watch","0","0","0"
"artifacts_pods/archive/2026-07-27-initial-runs/agentic-netpol.k8s.local_QPS200_2026-07-27_15-00-08/PodStartupLatency_TotalPodStartupLatency_agentic-sandboxes_2026-07-27T15:13:19Z.json","run_to_watch","0","0","0"
"artifacts_pods/archive/2026-07-27-initial-runs/agentic-netpol.k8s.local_QPS200_2026-07-27_15-00-08/PodStartupLatency_TotalPodStartupLatency_agentic-sandboxes_2026-07-27T15:13:19Z.json","schedule_to_watch","4.214051008999999","8.130818294","15.8139519"
"artifacts_pods/archive/2026-07-27-initial-runs/agentic-netpol.k8s.local_QPS200_2026-07-27_15-00-08/PodStartupLatency_TotalPodStartupLatency_agentic-sandboxes_2026-07-27T15:13:19Z.json","pod_startup","4.360882679","8.366674177999998","16.073640578"
"artifacts_pods/archive/2026-07-27-initial-runs/agentic-netpol.k8s.local_QPS200_2026-07-27_15-00-08/PodStartupLatency_TotalPodStartupLatency_agentic-sandboxes_2026-07-27T15:13:19Z.json","create_to_run","4.360882679","8.366674177999998","16.073640578"
"artifacts_pods/archive/2026-07-27-initial-runs/agentic-netpol.k8s.local_QPS200_2026-07-27_15-00-08/PodStartupLatency_TotalPodStartupLatency_agentic-sandboxes_2026-07-27T15:13:19Z.json","create_to_schedule","0.096441676","0.422373549","0.868124742"
"artifacts_pods/archive/2026-07-27-initial-runs/agentic-netpol.k8s.local_QPS200_2026-07-27_15-00-08/PodStartupLatency_TotalPodStartupLatency_agentic-sandboxes_2026-07-27T15:13:19Z.json","schedule_to_run","4.214051008999999","8.130818294","15.8139519"
"artifacts_pods/archive/2026-07-27-initial-runs/agentic-netpol.k8s.local_QPS50_2026-07-27_14-06-31/PodStartupLatency_TotalPodStartupLatency_agentic-sandboxes_2026-07-27T14:33:37Z.json","run_to_watch","0","0","0"
"artifacts_pods/archive/2026-07-27-initial-runs/agentic-netpol.k8s.local_QPS50_2026-07-27_14-06-31/PodStartupLatency_TotalPodStartupLatency_agentic-sandboxes_2026-07-27T14:33:37Z.json","schedule_to_watch","1.1697239810000002","1.583625347","4.308895605"
"artifacts_pods/archive/2026-07-27-initial-runs/agentic-netpol.k8s.local_QPS50_2026-07-27_14-06-31/PodStartupLatency_TotalPodStartupLatency_agentic-sandboxes_2026-07-27T14:33:37Z.json","pod_startup","1.178607567","1.59268094","4.322069784"
"artifacts_pods/archive/2026-07-27-initial-runs/agentic-netpol.k8s.local_QPS50_2026-07-27_14-06-31/PodStartupLatency_TotalPodStartupLatency_agentic-sandboxes_2026-07-27T14:33:37Z.json","create_to_run","1.178607567","1.59268094","4.322069784"
"artifacts_pods/archive/2026-07-27-initial-runs/agentic-netpol.k8s.local_QPS50_2026-07-27_14-06-31/PodStartupLatency_TotalPodStartupLatency_agentic-sandboxes_2026-07-27T14:33:37Z.json","create_to_schedule","0.006551525","0.009864382000000001","0.120966611"
"artifacts_pods/archive/2026-07-27-initial-runs/agentic-netpol.k8s.local_QPS50_2026-07-27_14-06-31/PodStartupLatency_TotalPodStartupLatency_agentic-sandboxes_2026-07-27T14:33:37Z.json","schedule_to_run","1.1697239810000002","1.583625347","4.308895605"
"artifacts_pods/archive/2026-07-27-initial-runs/agentic-netpol.k8s.local_QPS500_2026-07-27_15-17-24/PodStartupLatency_TotalPodStartupLatency_agentic-sandboxes_2026-07-27T15:31:45Z.json","run_to_watch","0","0","0"
"artifacts_pods/archive/2026-07-27-initial-runs/agentic-netpol.k8s.local_QPS500_2026-07-27_15-17-24/PodStartupLatency_TotalPodStartupLatency_agentic-sandboxes_2026-07-27T15:31:45Z.json","schedule_to_watch","10.154316994999999","39.850322958999996","83.67595419800001"
"artifacts_pods/archive/2026-07-27-initial-runs/agentic-netpol.k8s.local_QPS500_2026-07-27_15-17-24/PodStartupLatency_TotalPodStartupLatency_agentic-sandboxes_2026-07-27T15:31:45Z.json","pod_startup","10.569165070999999","40.64489433200001","84.49098093799999"
"artifacts_pods/archive/2026-07-27-initial-runs/agentic-netpol.k8s.local_QPS500_2026-07-27_15-17-24/PodStartupLatency_TotalPodStartupLatency_agentic-sandboxes_2026-07-27T15:31:45Z.json","create_to_run","10.569165070999999","40.64489433200001","84.49098093799999"
"artifacts_pods/archive/2026-07-27-initial-runs/agentic-netpol.k8s.local_QPS500_2026-07-27_15-17-24/PodStartupLatency_TotalPodStartupLatency_agentic-sandboxes_2026-07-27T15:31:45Z.json","create_to_schedule","0.174904822","0.624430072","2.7153774029999997"
"artifacts_pods/archive/2026-07-27-initial-runs/agentic-netpol.k8s.local_QPS500_2026-07-27_15-17-24/PodStartupLatency_TotalPodStartupLatency_agentic-sandboxes_2026-07-27T15:31:45Z.json","schedule_to_run","10.154316994999999","39.850322958999996","83.67595419800001"
"artifacts_pods/archive/intermediate-debug-runs/agentic-netpol.k8s.local_QPS500_2026-07-28_21-29-50/PodStartupLatency_TotalPodStartupLatency_agentic-sandboxes_2026-07-28T21:42:53Z.json","schedule_to_watch","6.5008947070000005","19.422269938000003","56.507012273"
"artifacts_pods/archive/intermediate-debug-runs/agentic-netpol.k8s.local_QPS500_2026-07-28_21-29-50/PodStartupLatency_TotalPodStartupLatency_agentic-sandboxes_2026-07-28T21:42:53Z.json","pod_startup","6.811419975","20.172475914","57.289929785"
"artifacts_pods/archive/intermediate-debug-runs/agentic-netpol.k8s.local_QPS500_2026-07-28_21-29-50/PodStartupLatency_TotalPodStartupLatency_agentic-sandboxes_2026-07-28T21:42:53Z.json","create_to_run","6.811419975","20.172475914","57.289929785"
"artifacts_pods/archive/intermediate-debug-runs/agentic-netpol.k8s.local_QPS500_2026-07-28_21-29-50/PodStartupLatency_TotalPodStartupLatency_agentic-sandboxes_2026-07-28T21:42:53Z.json","create_to_schedule","0.169050688","0.734462767","1.174961102"
"artifacts_pods/archive/intermediate-debug-runs/agentic-netpol.k8s.local_QPS500_2026-07-28_21-29-50/PodStartupLatency_TotalPodStartupLatency_agentic-sandboxes_2026-07-28T21:42:53Z.json","schedule_to_run","6.5008947070000005","19.422269938000003","56.507012273"
"artifacts_pods/archive/intermediate-debug-runs/agentic-netpol.k8s.local_QPS500_2026-07-28_21-29-50/PodStartupLatency_TotalPodStartupLatency_agentic-sandboxes_2026-07-28T21:42:53Z.json","run_to_watch","0","0","0"
"artifacts_pods/archive/intermediate-debug-runs/agentic-netpol.k8s.local_QPS500_2026-07-29_08-42-31/PodStartupLatency_TotalPodStartupLatency_agentic-sandboxes_2026-07-29T08:56:06Z.json","pod_startup","14.837725253","38.107633828","77.587228594"
"artifacts_pods/archive/intermediate-debug-runs/agentic-netpol.k8s.local_QPS500_2026-07-29_08-42-31/PodStartupLatency_TotalPodStartupLatency_agentic-sandboxes_2026-07-29T08:56:06Z.json","create_to_run","14.837725253","38.107633828","77.587228594"
"artifacts_pods/archive/intermediate-debug-runs/agentic-netpol.k8s.local_QPS500_2026-07-29_08-42-31/PodStartupLatency_TotalPodStartupLatency_agentic-sandboxes_2026-07-29T08:56:06Z.json","create_to_schedule","0.383987242","2.3732246310000003","32.468203734"
"artifacts_pods/archive/intermediate-debug-runs/agentic-netpol.k8s.local_QPS500_2026-07-29_08-42-31/PodStartupLatency_TotalPodStartupLatency_agentic-sandboxes_2026-07-29T08:56:06Z.json","schedule_to_run","14.016089556","34.674491445","74.154162549"
"artifacts_pods/archive/intermediate-debug-runs/agentic-netpol.k8s.local_QPS500_2026-07-29_08-42-31/PodStartupLatency_TotalPodStartupLatency_agentic-sandboxes_2026-07-29T08:56:06Z.json","run_to_watch","0","0","0"
"artifacts_pods/archive/intermediate-debug-runs/agentic-netpol.k8s.local_QPS500_2026-07-29_08-42-31/PodStartupLatency_TotalPodStartupLatency_agentic-sandboxes_2026-07-29T08:56:06Z.json","schedule_to_watch","14.016089556","34.674491445","74.154162549"
"artifacts_pods/archive/intermediate-debug-runs/agentic-netpol.k8s.local_QPS500_2026-07-29_09-06-33/PodStartupLatency_TotalPodStartupLatency_agentic-sandboxes_2026-07-29T09:21:15Z.json","schedule_to_watch","14.10996078","44.935529239000005","88.14406873899999"
"artifacts_pods/archive/intermediate-debug-runs/agentic-netpol.k8s.local_QPS500_2026-07-29_09-06-33/PodStartupLatency_TotalPodStartupLatency_agentic-sandboxes_2026-07-29T09:21:15Z.json","pod_startup","15.178935342","47.74729832","90.933578229"
"artifacts_pods/archive/intermediate-debug-runs/agentic-netpol.k8s.local_QPS500_2026-07-29_09-06-33/PodStartupLatency_TotalPodStartupLatency_agentic-sandboxes_2026-07-29T09:21:15Z.json","create_to_run","15.178935342","47.74729832","90.933578229"
"artifacts_pods/archive/intermediate-debug-runs/agentic-netpol.k8s.local_QPS500_2026-07-29_09-06-33/PodStartupLatency_TotalPodStartupLatency_agentic-sandboxes_2026-07-29T09:21:15Z.json","create_to_schedule","0.546798071","3.762482907","7.892410065"
"artifacts_pods/archive/intermediate-debug-runs/agentic-netpol.k8s.local_QPS500_2026-07-29_09-06-33/PodStartupLatency_TotalPodStartupLatency_agentic-sandboxes_2026-07-29T09:21:15Z.json","schedule_to_run","14.10996078","44.935529239000005","88.14406873899999"
"artifacts_pods/archive/intermediate-debug-runs/agentic-netpol.k8s.local_QPS500_2026-07-29_09-06-33/PodStartupLatency_TotalPodStartupLatency_agentic-sandboxes_2026-07-29T09:21:15Z.json","run_to_watch","0","0","0"
"artifacts_pods/archive/node_limited/agentic-cilium.k8s.local_QPS100_2026-07-24_16-59-38/PodStartupLatency_TotalPodStartupLatency_agentic-sandboxes_2026-07-24T17:19:02Z.json","create_to_run","1.488385678","1.909968916","2.259884674"
"artifacts_pods/archive/node_limited/agentic-cilium.k8s.local_QPS100_2026-07-24_16-59-38/PodStartupLatency_TotalPodStartupLatency_agentic-sandboxes_2026-07-24T17:19:02Z.json","create_to_schedule","0.007866132","0.118371458","0.524389563"
"artifacts_pods/archive/node_limited/agentic-cilium.k8s.local_QPS100_2026-07-24_16-59-38/PodStartupLatency_TotalPodStartupLatency_agentic-sandboxes_2026-07-24T17:19:02Z.json","schedule_to_run","1.450028983","1.863944076","2.067829992"
"artifacts_pods/archive/node_limited/agentic-cilium.k8s.local_QPS100_2026-07-24_16-59-38/PodStartupLatency_TotalPodStartupLatency_agentic-sandboxes_2026-07-24T17:19:02Z.json","run_to_watch","0","0","0"
"artifacts_pods/archive/node_limited/agentic-cilium.k8s.local_QPS100_2026-07-24_16-59-38/PodStartupLatency_TotalPodStartupLatency_agentic-sandboxes_2026-07-24T17:19:02Z.json","schedule_to_watch","1.450028983","1.863944076","2.067829992"
"artifacts_pods/archive/node_limited/agentic-cilium.k8s.local_QPS100_2026-07-24_16-59-38/PodStartupLatency_TotalPodStartupLatency_agentic-sandboxes_2026-07-24T17:19:02Z.json","pod_startup","1.488385678","1.909968916","2.259884674"
"artifacts_pods/archive/node_limited/agentic-cilium.k8s.local_QPS200_2026-07-24_17-23-37/PodStartupLatency_TotalPodStartupLatency_agentic-sandboxes_2026-07-24T17:37:45Z.json","create_to_run","1.8416925739999999","5.719410042000001","7.930211965000001"
"artifacts_pods/archive/node_limited/agentic-cilium.k8s.local_QPS200_2026-07-24_17-23-37/PodStartupLatency_TotalPodStartupLatency_agentic-sandboxes_2026-07-24T17:37:45Z.json","create_to_schedule","0.197163115","4.050917234","6.341262821"
"artifacts_pods/archive/node_limited/agentic-cilium.k8s.local_QPS200_2026-07-24_17-23-37/PodStartupLatency_TotalPodStartupLatency_agentic-sandboxes_2026-07-24T17:37:45Z.json","schedule_to_run","1.518450257","1.9538355959999998","2.303933693"
"artifacts_pods/archive/node_limited/agentic-cilium.k8s.local_QPS200_2026-07-24_17-23-37/PodStartupLatency_TotalPodStartupLatency_agentic-sandboxes_2026-07-24T17:37:45Z.json","run_to_watch","0","0","0"
"artifacts_pods/archive/node_limited/agentic-cilium.k8s.local_QPS200_2026-07-24_17-23-37/PodStartupLatency_TotalPodStartupLatency_agentic-sandboxes_2026-07-24T17:37:45Z.json","schedule_to_watch","1.518450257","1.9538355959999998","2.303933693"
"artifacts_pods/archive/node_limited/agentic-cilium.k8s.local_QPS200_2026-07-24_17-23-37/PodStartupLatency_TotalPodStartupLatency_agentic-sandboxes_2026-07-24T17:37:45Z.json","pod_startup","1.8416925739999999","5.719410042000001","7.930211965000001"
"artifacts_pods/archive/node_limited/agentic-cilium.k8s.local_QPS50_2026-07-24_01-54-57/PodStartupLatency_TotalPodStartupLatency_agentic-sandboxes_2026-07-24T02:52:50Z.json","schedule_to_run","1.461947028","1.87131176","2.055576564"
"artifacts_pods/archive/node_limited/agentic-cilium.k8s.local_QPS50_2026-07-24_01-54-57/PodStartupLatency_TotalPodStartupLatency_agentic-sandboxes_2026-07-24T02:52:50Z.json","run_to_watch","0","0","0"
"artifacts_pods/archive/node_limited/agentic-cilium.k8s.local_QPS50_2026-07-24_01-54-57/PodStartupLatency_TotalPodStartupLatency_agentic-sandboxes_2026-07-24T02:52:50Z.json","schedule_to_watch","1.461947028","1.87131176","2.055576564"
"artifacts_pods/archive/node_limited/agentic-cilium.k8s.local_QPS50_2026-07-24_01-54-57/PodStartupLatency_TotalPodStartupLatency_agentic-sandboxes_2026-07-24T02:52:50Z.json","pod_startup","1.472087754","1.881868376","2.073753239"
"artifacts_pods/archive/node_limited/agentic-cilium.k8s.local_QPS50_2026-07-24_01-54-57/PodStartupLatency_TotalPodStartupLatency_agentic-sandboxes_2026-07-24T02:52:50Z.json","create_to_run","1.472087754","1.881868376","2.073753239"
"artifacts_pods/archive/node_limited/agentic-cilium.k8s.local_QPS50_2026-07-24_01-54-57/PodStartupLatency_TotalPodStartupLatency_agentic-sandboxes_2026-07-24T02:52:50Z.json","create_to_schedule","0.006780855","0.012736841","0.08019006000000001"
"artifacts_pods/archive/node_limited/agentic-cilium.k8s.local_QPS500_2026-07-24_17-41-25/PodStartupLatency_TotalPodStartupLatency_agentic-sandboxes_2026-07-24T17:54:17Z.json","create_to_schedule","14.925631357","76.368122696","96.815792261"
"artifacts_pods/archive/node_limited/agentic-cilium.k8s.local_QPS500_2026-07-24_17-41-25/PodStartupLatency_TotalPodStartupLatency_agentic-sandboxes_2026-07-24T17:54:17Z.json","schedule_to_run","1.585744911","2.106600212","4.32876011"
"artifacts_pods/archive/node_limited/agentic-cilium.k8s.local_QPS500_2026-07-24_17-41-25/PodStartupLatency_TotalPodStartupLatency_agentic-sandboxes_2026-07-24T17:54:17Z.json","run_to_watch","0","0","0"
"artifacts_pods/archive/node_limited/agentic-cilium.k8s.local_QPS500_2026-07-24_17-41-25/PodStartupLatency_TotalPodStartupLatency_agentic-sandboxes_2026-07-24T17:54:17Z.json","schedule_to_watch","1.585744911","2.106600212","4.32876011"
"artifacts_pods/archive/node_limited/agentic-cilium.k8s.local_QPS500_2026-07-24_17-41-25/PodStartupLatency_TotalPodStartupLatency_agentic-sandboxes_2026-07-24T17:54:17Z.json","pod_startup","16.843415352","78.003010204","98.310481236"
"artifacts_pods/archive/node_limited/agentic-cilium.k8s.local_QPS500_2026-07-24_17-41-25/PodStartupLatency_TotalPodStartupLatency_agentic-sandboxes_2026-07-24T17:54:17Z.json","create_to_run","16.843415352","78.003010204","98.310481236"
"artifacts_pods/archive/node_limited/agentic-netpol.k8s.local_QPS100_2026-07-27_07-53-56/PodStartupLatency_TotalPodStartupLatency_agentic-sandboxes_2026-07-27T08:14:35Z.json","pod_startup","2.9592102700000003","4.634981827","8.94739285"
"artifacts_pods/archive/node_limited/agentic-netpol.k8s.local_QPS100_2026-07-27_07-53-56/PodStartupLatency_TotalPodStartupLatency_agentic-sandboxes_2026-07-27T08:14:35Z.json","create_to_run","2.9592102700000003","4.634981827","8.94739285"
"artifacts_pods/archive/node_limited/agentic-netpol.k8s.local_QPS100_2026-07-27_07-53-56/PodStartupLatency_TotalPodStartupLatency_agentic-sandboxes_2026-07-27T08:14:35Z.json","create_to_schedule","0.017587567","0.47169204000000003","0.930054356"
"artifacts_pods/archive/node_limited/agentic-netpol.k8s.local_QPS100_2026-07-27_07-53-56/PodStartupLatency_TotalPodStartupLatency_agentic-sandboxes_2026-07-27T08:14:35Z.json","schedule_to_run","2.8580208710000004","4.4041096699999995","8.344530243"
"artifacts_pods/archive/node_limited/agentic-netpol.k8s.local_QPS100_2026-07-27_07-53-56/PodStartupLatency_TotalPodStartupLatency_agentic-sandboxes_2026-07-27T08:14:35Z.json","run_to_watch","0","0","0"
"artifacts_pods/archive/node_limited/agentic-netpol.k8s.local_QPS100_2026-07-27_07-53-56/PodStartupLatency_TotalPodStartupLatency_agentic-sandboxes_2026-07-27T08:14:35Z.json","schedule_to_watch","2.8580208710000004","4.4041096699999995","8.344530243"
"artifacts_pods/archive/node_limited/agentic-netpol.k8s.local_QPS200_2026-07-27_08-21-20/PodStartupLatency_TotalPodStartupLatency_agentic-sandboxes_2026-07-27T08:41:19Z.json","create_to_run","13.922638449","69.431430972","125.38108412"
"artifacts_pods/archive/node_limited/agentic-netpol.k8s.local_QPS200_2026-07-27_08-21-20/PodStartupLatency_TotalPodStartupLatency_agentic-sandboxes_2026-07-27T08:41:19Z.json","create_to_schedule","0.42815979499999995","1.254403458","1.956956917"
"artifacts_pods/archive/node_limited/agentic-netpol.k8s.local_QPS200_2026-07-27_08-21-20/PodStartupLatency_TotalPodStartupLatency_agentic-sandboxes_2026-07-27T08:41:19Z.json","schedule_to_run","13.246537077000001","68.160722501","123.665834816"
"artifacts_pods/archive/node_limited/agentic-netpol.k8s.local_QPS200_2026-07-27_08-21-20/PodStartupLatency_TotalPodStartupLatency_agentic-sandboxes_2026-07-27T08:41:19Z.json","run_to_watch","0","0","0"
"artifacts_pods/archive/node_limited/agentic-netpol.k8s.local_QPS200_2026-07-27_08-21-20/PodStartupLatency_TotalPodStartupLatency_agentic-sandboxes_2026-07-27T08:41:19Z.json","schedule_to_watch","13.246537077000001","68.160722501","123.665834816"
"artifacts_pods/archive/node_limited/agentic-netpol.k8s.local_QPS200_2026-07-27_08-21-20/PodStartupLatency_TotalPodStartupLatency_agentic-sandboxes_2026-07-27T08:41:19Z.json","pod_startup","13.922638449","69.431430972","125.38108412"
"artifacts_pods/archive/node_limited/agentic-netpol.k8s.local_QPS50_2026-07-27_07-13-22/PodStartupLatency_TotalPodStartupLatency_agentic-sandboxes_2026-07-27T07:45:42Z.json","schedule_to_watch","1.333295053","1.7656875600000002","5.1622268"
"artifacts_pods/archive/node_limited/agentic-netpol.k8s.local_QPS50_2026-07-27_07-13-22/PodStartupLatency_TotalPodStartupLatency_agentic-sandboxes_2026-07-27T07:45:42Z.json","pod_startup","1.352234322","1.790350704","5.195070546"
"artifacts_pods/archive/node_limited/agentic-netpol.k8s.local_QPS50_2026-07-27_07-13-22/PodStartupLatency_TotalPodStartupLatency_agentic-sandboxes_2026-07-27T07:45:42Z.json","create_to_run","1.352234322","1.790350704","5.195070546"
"artifacts_pods/archive/node_limited/agentic-netpol.k8s.local_QPS50_2026-07-27_07-13-22/PodStartupLatency_TotalPodStartupLatency_agentic-sandboxes_2026-07-27T07:45:42Z.json","create_to_schedule","0.01010336","0.045469748000000004","0.214748675"
"artifacts_pods/archive/node_limited/agentic-netpol.k8s.local_QPS50_2026-07-27_07-13-22/PodStartupLatency_TotalPodStartupLatency_agentic-sandboxes_2026-07-27T07:45:42Z.json","schedule_to_run","1.333295053","1.7656875600000002","5.1622268"
"artifacts_pods/archive/node_limited/agentic-netpol.k8s.local_QPS50_2026-07-27_07-13-22/PodStartupLatency_TotalPodStartupLatency_agentic-sandboxes_2026-07-27T07:45:42Z.json","run_to_watch","0","0","0"
"artifacts_pods/archive/node_limited/agentic-netpol.k8s.local_QPS500_2026-07-27_08-45-27/PodStartupLatency_TotalPodStartupLatency_agentic-sandboxes_2026-07-27T09:05:57Z.json","create_to_run","16.282995478","80.40238498000001","140.13792309299998"
"artifacts_pods/archive/node_limited/agentic-netpol.k8s.local_QPS500_2026-07-27_08-45-27/PodStartupLatency_TotalPodStartupLatency_agentic-sandboxes_2026-07-27T09:05:57Z.json","create_to_schedule","0.657661335","1.911584465","5.750315769"
"artifacts_pods/archive/node_limited/agentic-netpol.k8s.local_QPS500_2026-07-27_08-45-27/PodStartupLatency_TotalPodStartupLatency_agentic-sandboxes_2026-07-27T09:05:57Z.json","schedule_to_run","15.420724330999999","78.161828848","138.431087219"
"artifacts_pods/archive/node_limited/agentic-netpol.k8s.local_QPS500_2026-07-27_08-45-27/PodStartupLatency_TotalPodStartupLatency_agentic-sandboxes_2026-07-27T09:05:57Z.json","run_to_watch","0","0","0"
"artifacts_pods/archive/node_limited/agentic-netpol.k8s.local_QPS500_2026-07-27_08-45-27/PodStartupLatency_TotalPodStartupLatency_agentic-sandboxes_2026-07-27T09:05:57Z.json","schedule_to_watch","15.420724330999999","78.161828848","138.431087219"
"artifacts_pods/archive/node_limited/agentic-netpol.k8s.local_QPS500_2026-07-27_08-45-27/PodStartupLatency_TotalPodStartupLatency_agentic-sandboxes_2026-07-27T09:05:57Z.json","pod_startup","16.282995478","80.40238498000001","140.13792309299998"
"artifacts_pods/archive/v1.18.6-identity-runs/agentic-cilium.k8s.local_QPS500_7identities_5000ppr_2026-09-10_17-49-35/PodStartupLatency_TotalPodStartupLatency_agentic-sandboxes_2026-09-10T17:58:50Z.json","create_to_schedule","5.982688438","18.909623103999998","27.687647353"
"artifacts_pods/archive/v1.18.6-identity-runs/agentic-cilium.k8s.local_QPS500_7identities_5000ppr_2026-09-10_17-49-35/PodStartupLatency_TotalPodStartupLatency_agentic-sandboxes_2026-09-10T17:58:50Z.json","schedule_to_run","1.486491373","2.8930479759999996","5.620013986"
"artifacts_pods/archive/v1.18.6-identity-runs/agentic-cilium.k8s.local_QPS500_7identities_5000ppr_2026-09-10_17-49-35/PodStartupLatency_TotalPodStartupLatency_agentic-sandboxes_2026-09-10T17:58:50Z.json","run_to_watch","0","0","0"
"artifacts_pods/archive/v1.18.6-identity-runs/agentic-cilium.k8s.local_QPS500_7identities_5000ppr_2026-09-10_17-49-35/PodStartupLatency_TotalPodStartupLatency_agentic-sandboxes_2026-09-10T17:58:50Z.json","schedule_to_watch","1.486491373","2.8930479759999996","5.620013986"
"artifacts_pods/archive/v1.18.6-identity-runs/agentic-cilium.k8s.local_QPS500_7identities_5000ppr_2026-09-10_17-49-35/PodStartupLatency_TotalPodStartupLatency_agentic-sandboxes_2026-09-10T17:58:50Z.json","pod_startup","7.884865366","20.250041","28.889997711"
"artifacts_pods/archive/v1.18.6-identity-runs/agentic-cilium.k8s.local_QPS500_7identities_5000ppr_2026-09-10_17-49-35/PodStartupLatency_TotalPodStartupLatency_agentic-sandboxes_2026-09-10T17:58:50Z.json","create_to_run","7.884865366","20.250041","28.889997711"
"artifacts_pods/cilium/identity-sweep/3500-identities-10ppr/PodStartupLatency_TotalPodStartupLatency_agentic-sandboxes_2026-09-10T21:08:50Z.json","create_to_run","6.245721348","15.675172758999999","21.758777463999998"
"artifacts_pods/cilium/identity-sweep/3500-identities-10ppr/PodStartupLatency_TotalPodStartupLatency_agentic-sandboxes_2026-09-10T21:08:50Z.json","create_to_schedule","4.61033117","14.1792355","20.313761493"
"artifacts_pods/cilium/identity-sweep/3500-identities-10ppr/PodStartupLatency_TotalPodStartupLatency_agentic-sandboxes_2026-09-10T21:08:50Z.json","schedule_to_run","1.4880587920000001","2.2294196200000003","4.6849408729999995"
"artifacts_pods/cilium/identity-sweep/3500-identities-10ppr/PodStartupLatency_TotalPodStartupLatency_agentic-sandboxes_2026-09-10T21:08:50Z.json","run_to_watch","0","0","0"
"artifacts_pods/cilium/identity-sweep/3500-identities-10ppr/PodStartupLatency_TotalPodStartupLatency_agentic-sandboxes_2026-09-10T21:08:50Z.json","schedule_to_watch","1.4880587920000001","2.2294196200000003","4.6849408729999995"
"artifacts_pods/cilium/identity-sweep/3500-identities-10ppr/PodStartupLatency_TotalPodStartupLatency_agentic-sandboxes_2026-09-10T21:08:50Z.json","pod_startup","6.245721348","15.675172758999999","21.758777463999998"
"artifacts_pods/cilium/identity-sweep/35000-identities-1ppr/PodStartupLatency_TotalPodStartupLatency_agentic-sandboxes_2026-09-10T21:26:05Z.json","schedule_to_run","1.312308211","1.721046718","1.990084529"
"artifacts_pods/cilium/identity-sweep/35000-identities-1ppr/PodStartupLatency_TotalPodStartupLatency_agentic-sandboxes_2026-09-10T21:26:05Z.json","run_to_watch","0","0","0"
"artifacts_pods/cilium/identity-sweep/35000-identities-1ppr/PodStartupLatency_TotalPodStartupLatency_agentic-sandboxes_2026-09-10T21:26:05Z.json","schedule_to_watch","1.312308211","1.721046718","1.990084529"
"artifacts_pods/cilium/identity-sweep/35000-identities-1ppr/PodStartupLatency_TotalPodStartupLatency_agentic-sandboxes_2026-09-10T21:26:05Z.json","pod_startup","1.335391051","1.747008334","2.03014313"
"artifacts_pods/cilium/identity-sweep/35000-identities-1ppr/PodStartupLatency_TotalPodStartupLatency_agentic-sandboxes_2026-09-10T21:26:05Z.json","create_to_run","1.335391051","1.747008334","2.03014313"
"artifacts_pods/cilium/identity-sweep/35000-identities-1ppr/PodStartupLatency_TotalPodStartupLatency_agentic-sandboxes_2026-09-10T21:26:05Z.json","create_to_schedule","0.009133760000000001","0.065318388","0.184056354"
"artifacts_pods/cilium/identity-sweep/7-identities-5000ppr/PodStartupLatency_TotalPodStartupLatency_agentic-sandboxes_2026-09-10T20:40:18Z.json","create_to_schedule","4.0955135","10.254503832000001","17.662288251000003"
"artifacts_pods/cilium/identity-sweep/7-identities-5000ppr/PodStartupLatency_TotalPodStartupLatency_agentic-sandboxes_2026-09-10T20:40:18Z.json","schedule_to_run","1.43083919","2.586617223","5.929560115"
"artifacts_pods/cilium/identity-sweep/7-identities-5000ppr/PodStartupLatency_TotalPodStartupLatency_agentic-sandboxes_2026-09-10T20:40:18Z.json","run_to_watch","0","0","0"
"artifacts_pods/cilium/identity-sweep/7-identities-5000ppr/PodStartupLatency_TotalPodStartupLatency_agentic-sandboxes_2026-09-10T20:40:18Z.json","schedule_to_watch","1.43083919","2.586617223","5.929560115"
"artifacts_pods/cilium/identity-sweep/7-identities-5000ppr/PodStartupLatency_TotalPodStartupLatency_agentic-sandboxes_2026-09-10T20:40:18Z.json","pod_startup","5.679303403","11.91698332","18.908744596000002"
"artifacts_pods/cilium/identity-sweep/7-identities-5000ppr/PodStartupLatency_TotalPodStartupLatency_agentic-sandboxes_2026-09-10T20:40:18Z.json","create_to_run","5.679303403","11.91698332","18.908744596000002"
"artifacts_pods/cilium/identity-sweep/700-identities-50ppr/PodStartupLatency_TotalPodStartupLatency_agentic-sandboxes_2026-09-10T20:54:22Z.json","schedule_to_watch","1.50571551","2.522267646","5.416270653"
"artifacts_pods/cilium/identity-sweep/700-identities-50ppr/PodStartupLatency_TotalPodStartupLatency_agentic-sandboxes_2026-09-10T20:54:22Z.json","pod_startup","7.775042536","19.218851584","26.722568023"
"artifacts_pods/cilium/identity-sweep/700-identities-50ppr/PodStartupLatency_TotalPodStartupLatency_agentic-sandboxes_2026-09-10T20:54:22Z.json","create_to_run","7.775042536","19.218851584","26.722568023"
"artifacts_pods/cilium/identity-sweep/700-identities-50ppr/PodStartupLatency_TotalPodStartupLatency_agentic-sandboxes_2026-09-10T20:54:22Z.json","create_to_schedule","5.914184087","17.907627301","25.48965536"
"artifacts_pods/cilium/identity-sweep/700-identities-50ppr/PodStartupLatency_TotalPodStartupLatency_agentic-sandboxes_2026-09-10T20:54:22Z.json","schedule_to_run","1.50571551","2.522267646","5.416270653"
"artifacts_pods/cilium/identity-sweep/700-identities-50ppr/PodStartupLatency_TotalPodStartupLatency_agentic-sandboxes_2026-09-10T20:54:22Z.json","run_to_watch","0","0","0"
"artifacts_pods/cilium/mesh-sweep/tier1-7-identities-5000ppr/PodStartupLatency_TotalPodStartupLatency_agentic-sandboxes_2026-09-11T19:54:28Z.json","schedule_to_watch","1.411819459","2.124273201","6.766784922"
"artifacts_pods/cilium/mesh-sweep/tier1-7-identities-5000ppr/PodStartupLatency_TotalPodStartupLatency_agentic-sandboxes_2026-09-11T19:54:28Z.json","pod_startup","8.422259867000001","25.255686752000003","33.53382638"
"artifacts_pods/cilium/mesh-sweep/tier1-7-identities-5000ppr/PodStartupLatency_TotalPodStartupLatency_agentic-sandboxes_2026-09-11T19:54:28Z.json","create_to_run","8.422259867000001","25.255686752000003","33.53382638"
"artifacts_pods/cilium/mesh-sweep/tier1-7-identities-5000ppr/PodStartupLatency_TotalPodStartupLatency_agentic-sandboxes_2026-09-11T19:54:28Z.json","create_to_schedule","6.6548045689999995","23.449789173000003","31.813866053"
"artifacts_pods/cilium/mesh-sweep/tier1-7-identities-5000ppr/PodStartupLatency_TotalPodStartupLatency_agentic-sandboxes_2026-09-11T19:54:28Z.json","schedule_to_run","1.411819459","2.124273201","6.766784922"
"artifacts_pods/cilium/mesh-sweep/tier1-7-identities-5000ppr/PodStartupLatency_TotalPodStartupLatency_agentic-sandboxes_2026-09-11T19:54:28Z.json","run_to_watch","0","0","0"
"artifacts_pods/cilium/mesh-sweep/tier2-700-identities-50ppr/PodStartupLatency_TotalPodStartupLatency_agentic-sandboxes_2026-09-11T20:05:30Z.json","schedule_to_run","1.4236718579999998","1.9579872379999999","2.934269686"
"artifacts_pods/cilium/mesh-sweep/tier2-700-identities-50ppr/PodStartupLatency_TotalPodStartupLatency_agentic-sandboxes_2026-09-11T20:05:30Z.json","run_to_watch","0","0","0"
"artifacts_pods/cilium/mesh-sweep/tier2-700-identities-50ppr/PodStartupLatency_TotalPodStartupLatency_agentic-sandboxes_2026-09-11T20:05:30Z.json","schedule_to_watch","1.4236718579999998","1.9579872379999999","2.934269686"
"artifacts_pods/cilium/mesh-sweep/tier2-700-identities-50ppr/PodStartupLatency_TotalPodStartupLatency_agentic-sandboxes_2026-09-11T20:05:30Z.json","pod_startup","7.431647978","23.736409458999997","28.739297889000003"
"artifacts_pods/cilium/mesh-sweep/tier2-700-identities-50ppr/PodStartupLatency_TotalPodStartupLatency_agentic-sandboxes_2026-09-11T20:05:30Z.json","create_to_run","7.431647978","23.736409458999997","28.739297889000003"
"artifacts_pods/cilium/mesh-sweep/tier2-700-identities-50ppr/PodStartupLatency_TotalPodStartupLatency_agentic-sandboxes_2026-09-11T20:05:30Z.json","create_to_schedule","6.02206588","22.320660425","27.279647337"
"artifacts_pods/cilium/mesh-sweep/tier3-3500-identities-10ppr/PodStartupLatency_TotalPodStartupLatency_agentic-sandboxes_2026-09-11T20:15:33Z.json","schedule_to_watch","1.4131870739999999","1.860715452","2.2787322170000004"
"artifacts_pods/cilium/mesh-sweep/tier3-3500-identities-10ppr/PodStartupLatency_TotalPodStartupLatency_agentic-sandboxes_2026-09-11T20:15:33Z.json","pod_startup","6.395747494999999","18.012621486","21.730277331"
"artifacts_pods/cilium/mesh-sweep/tier3-3500-identities-10ppr/PodStartupLatency_TotalPodStartupLatency_agentic-sandboxes_2026-09-11T20:15:33Z.json","create_to_run","6.395747494999999","18.012621486","21.730277331"
"artifacts_pods/cilium/mesh-sweep/tier3-3500-identities-10ppr/PodStartupLatency_TotalPodStartupLatency_agentic-sandboxes_2026-09-11T20:15:33Z.json","create_to_schedule","5.0362086360000005","16.422052958000002","20.504708574"
"artifacts_pods/cilium/mesh-sweep/tier3-3500-identities-10ppr/PodStartupLatency_TotalPodStartupLatency_agentic-sandboxes_2026-09-11T20:15:33Z.json","schedule_to_run","1.4131870739999999","1.860715452","2.2787322170000004"
"artifacts_pods/cilium/mesh-sweep/tier3-3500-identities-10ppr/PodStartupLatency_TotalPodStartupLatency_agentic-sandboxes_2026-09-11T20:15:33Z.json","run_to_watch","0","0","0"
"artifacts_pods/cilium/microsegmentation/tier1-7-identities-5000ppr/PodStartupLatency_TotalPodStartupLatency_agentic-sandboxes_2026-09-10T23:06:23Z.json","run_to_watch","0","0","0"
"artifacts_pods/cilium/microsegmentation/tier1-7-identities-5000ppr/PodStartupLatency_TotalPodStartupLatency_agentic-sandboxes_2026-09-10T23:06:23Z.json","schedule_to_watch","1.472272757","3.735264205","6.369502197"
"artifacts_pods/cilium/microsegmentation/tier1-7-identities-5000ppr/PodStartupLatency_TotalPodStartupLatency_agentic-sandboxes_2026-09-10T23:06:23Z.json","pod_startup","6.150909891","17.350715681999997","21.444107551000002"
"artifacts_pods/cilium/microsegmentation/tier1-7-identities-5000ppr/PodStartupLatency_TotalPodStartupLatency_agentic-sandboxes_2026-09-10T23:06:23Z.json","create_to_run","6.150909891","17.350715681999997","21.444107551000002"
"artifacts_pods/cilium/microsegmentation/tier1-7-identities-5000ppr/PodStartupLatency_TotalPodStartupLatency_agentic-sandboxes_2026-09-10T23:06:23Z.json","create_to_schedule","4.242332833000001","15.709671848","20.002335704"
"artifacts_pods/cilium/microsegmentation/tier1-7-identities-5000ppr/PodStartupLatency_TotalPodStartupLatency_agentic-sandboxes_2026-09-10T23:06:23Z.json","schedule_to_run","1.472272757","3.735264205","6.369502197"
"artifacts_pods/cilium/microsegmentation/tier2-700-identities-50ppr/PodStartupLatency_TotalPodStartupLatency_agentic-sandboxes_2026-09-10T23:16:55Z.json","schedule_to_run","1.5310026989999999","2.789832519","4.758887132"
"artifacts_pods/cilium/microsegmentation/tier2-700-identities-50ppr/PodStartupLatency_TotalPodStartupLatency_agentic-sandboxes_2026-09-10T23:16:55Z.json","run_to_watch","0","0","0"
"artifacts_pods/cilium/microsegmentation/tier2-700-identities-50ppr/PodStartupLatency_TotalPodStartupLatency_agentic-sandboxes_2026-09-10T23:16:55Z.json","schedule_to_watch","1.5310026989999999","2.789832519","4.758887132"
"artifacts_pods/cilium/microsegmentation/tier2-700-identities-50ppr/PodStartupLatency_TotalPodStartupLatency_agentic-sandboxes_2026-09-10T23:16:55Z.json","pod_startup","8.534623927","21.998838509000002","29.596751989"
"artifacts_pods/cilium/microsegmentation/tier2-700-identities-50ppr/PodStartupLatency_TotalPodStartupLatency_agentic-sandboxes_2026-09-10T23:16:55Z.json","create_to_run","8.534623927","21.998838509000002","29.596751989"
"artifacts_pods/cilium/microsegmentation/tier2-700-identities-50ppr/PodStartupLatency_TotalPodStartupLatency_agentic-sandboxes_2026-09-10T23:16:55Z.json","create_to_schedule","6.710970821","20.628294844","28.313007109999997"
"artifacts_pods/cilium/microsegmentation/tier3-3500-identities-10ppr/PodStartupLatency_TotalPodStartupLatency_agentic-sandboxes_2026-09-10T23:27:38Z.json","schedule_to_run","1.506493179","2.446282215","4.898969397"
"artifacts_pods/cilium/microsegmentation/tier3-3500-identities-10ppr/PodStartupLatency_TotalPodStartupLatency_agentic-sandboxes_2026-09-10T23:27:38Z.json","run_to_watch","0","0","0"
"artifacts_pods/cilium/microsegmentation/tier3-3500-identities-10ppr/PodStartupLatency_TotalPodStartupLatency_agentic-sandboxes_2026-09-10T23:27:38Z.json","schedule_to_watch","1.506493179","2.446282215","4.898969397"
"artifacts_pods/cilium/microsegmentation/tier3-3500-identities-10ppr/PodStartupLatency_TotalPodStartupLatency_agentic-sandboxes_2026-09-10T23:27:38Z.json","pod_startup","6.234701082","14.709185326999998","20.274659206"
"artifacts_pods/cilium/microsegmentation/tier3-3500-identities-10ppr/PodStartupLatency_TotalPodStartupLatency_agentic-sandboxes_2026-09-10T23:27:38Z.json","create_to_run","6.234701082","14.709185326999998","20.274659206"
"artifacts_pods/cilium/microsegmentation/tier3-3500-identities-10ppr/PodStartupLatency_TotalPodStartupLatency_agentic-sandboxes_2026-09-10T23:27:38Z.json","create_to_schedule","4.50269394","13.3281154","18.992734629999998"
"artifacts_pods/cilium/microsegmentation/tier4-35000-identities-1ppr-rs/PodStartupLatency_TotalPodStartupLatency_agentic-sandboxes_2026-09-10T23:41:47Z.json","create_to_run","1.3337444129999998","1.7480646690000001","2.075164736"
"artifacts_pods/cilium/microsegmentation/tier4-35000-identities-1ppr-rs/PodStartupLatency_TotalPodStartupLatency_agentic-sandboxes_2026-09-10T23:41:47Z.json","create_to_schedule","0.00932744","0.068467158","0.18112689599999998"
"artifacts_pods/cilium/microsegmentation/tier4-35000-identities-1ppr-rs/PodStartupLatency_TotalPodStartupLatency_agentic-sandboxes_2026-09-10T23:41:47Z.json","schedule_to_run","1.309011572","1.7202993420000001","2.033092425"
"artifacts_pods/cilium/microsegmentation/tier4-35000-identities-1ppr-rs/PodStartupLatency_TotalPodStartupLatency_agentic-sandboxes_2026-09-10T23:41:47Z.json","run_to_watch","0","0","0"
"artifacts_pods/cilium/microsegmentation/tier4-35000-identities-1ppr-rs/PodStartupLatency_TotalPodStartupLatency_agentic-sandboxes_2026-09-10T23:41:47Z.json","schedule_to_watch","1.309011572","1.7202993420000001","2.033092425"
"artifacts_pods/cilium/microsegmentation/tier4-35000-identities-1ppr-rs/PodStartupLatency_TotalPodStartupLatency_agentic-sandboxes_2026-09-10T23:41:47Z.json","pod_startup","1.3337444129999998","1.7480646690000001","2.075164736"
"artifacts_pods/cilium/qps-100/agentic-cilium.k8s.local_QPS100_2026-07-28_23-04-15/PodStartupLatency_TotalPodStartupLatency_agentic-sandboxes_2026-07-28T23:21:10Z.json","create_to_schedule","0.00617234","0.00982381","0.203072113"
"artifacts_pods/cilium/qps-100/agentic-cilium.k8s.local_QPS100_2026-07-28_23-04-15/PodStartupLatency_TotalPodStartupLatency_agentic-sandboxes_2026-07-28T23:21:10Z.json","schedule_to_run","1.250482589","1.655933927","1.788190538"
"artifacts_pods/cilium/qps-100/agentic-cilium.k8s.local_QPS100_2026-07-28_23-04-15/PodStartupLatency_TotalPodStartupLatency_agentic-sandboxes_2026-07-28T23:21:10Z.json","run_to_watch","0","0","0"
"artifacts_pods/cilium/qps-100/agentic-cilium.k8s.local_QPS100_2026-07-28_23-04-15/PodStartupLatency_TotalPodStartupLatency_agentic-sandboxes_2026-07-28T23:21:10Z.json","schedule_to_watch","1.250482589","1.655933927","1.788190538"
"artifacts_pods/cilium/qps-100/agentic-cilium.k8s.local_QPS100_2026-07-28_23-04-15/PodStartupLatency_TotalPodStartupLatency_agentic-sandboxes_2026-07-28T23:21:10Z.json","pod_startup","1.262340046","1.6676812239999999","1.814251756"
"artifacts_pods/cilium/qps-100/agentic-cilium.k8s.local_QPS100_2026-07-28_23-04-15/PodStartupLatency_TotalPodStartupLatency_agentic-sandboxes_2026-07-28T23:21:10Z.json","create_to_run","1.262340046","1.6676812239999999","1.814251756"
"artifacts_pods/cilium/qps-200/agentic-cilium.k8s.local_QPS200_2026-07-28_23-24-45/PodStartupLatency_TotalPodStartupLatency_agentic-sandboxes_2026-07-28T23:35:06Z.json","pod_startup","1.307678752","1.728691385","2.285353465"
"artifacts_pods/cilium/qps-200/agentic-cilium.k8s.local_QPS200_2026-07-28_23-24-45/PodStartupLatency_TotalPodStartupLatency_agentic-sandboxes_2026-07-28T23:35:06Z.json","create_to_run","1.307678752","1.728691385","2.285353465"
"artifacts_pods/cilium/qps-200/agentic-cilium.k8s.local_QPS200_2026-07-28_23-24-45/PodStartupLatency_TotalPodStartupLatency_agentic-sandboxes_2026-07-28T23:35:06Z.json","create_to_schedule","0.007762339","0.09205027099999999","0.745227333"
"artifacts_pods/cilium/qps-200/agentic-cilium.k8s.local_QPS200_2026-07-28_23-24-45/PodStartupLatency_TotalPodStartupLatency_agentic-sandboxes_2026-07-28T23:35:06Z.json","schedule_to_run","1.266685006","1.6773311499999999","1.8450413940000001"
"artifacts_pods/cilium/qps-200/agentic-cilium.k8s.local_QPS200_2026-07-28_23-24-45/PodStartupLatency_TotalPodStartupLatency_agentic-sandboxes_2026-07-28T23:35:06Z.json","run_to_watch","0","0","0"
"artifacts_pods/cilium/qps-200/agentic-cilium.k8s.local_QPS200_2026-07-28_23-24-45/PodStartupLatency_TotalPodStartupLatency_agentic-sandboxes_2026-07-28T23:35:06Z.json","schedule_to_watch","1.266685006","1.6773311499999999","1.8450413940000001"
"artifacts_pods/cilium/qps-50/agentic-cilium.k8s.local_QPS50_2026-07-28_22-31-01/PodStartupLatency_TotalPodStartupLatency_agentic-sandboxes_2026-07-28T22:58:20Z.json","run_to_watch","0","0","0"
"artifacts_pods/cilium/qps-50/agentic-cilium.k8s.local_QPS50_2026-07-28_22-31-01/PodStartupLatency_TotalPodStartupLatency_agentic-sandboxes_2026-07-28T22:58:20Z.json","schedule_to_watch","1.246039822","1.653468798","4.065037366"
"artifacts_pods/cilium/qps-50/agentic-cilium.k8s.local_QPS50_2026-07-28_22-31-01/PodStartupLatency_TotalPodStartupLatency_agentic-sandboxes_2026-07-28T22:58:20Z.json","pod_startup","1.252181724","1.660099816","4.089084044"
"artifacts_pods/cilium/qps-50/agentic-cilium.k8s.local_QPS50_2026-07-28_22-31-01/PodStartupLatency_TotalPodStartupLatency_agentic-sandboxes_2026-07-28T22:58:20Z.json","create_to_run","1.252181724","1.660099816","4.089084044"
"artifacts_pods/cilium/qps-50/agentic-cilium.k8s.local_QPS50_2026-07-28_22-31-01/PodStartupLatency_TotalPodStartupLatency_agentic-sandboxes_2026-07-28T22:58:20Z.json","create_to_schedule","0.0054513999999999995","0.00732607","0.035020197"
"artifacts_pods/cilium/qps-50/agentic-cilium.k8s.local_QPS50_2026-07-28_22-31-01/PodStartupLatency_TotalPodStartupLatency_agentic-sandboxes_2026-07-28T22:58:20Z.json","schedule_to_run","1.246039822","1.653468798","4.065037366"
"artifacts_pods/cilium/qps-500/repeat-run/agentic-cilium.k8s.local_QPS500_2026-07-29_06-11-18/PodStartupLatency_TotalPodStartupLatency_agentic-sandboxes_2026-07-29T06:22:16Z.json","create_to_run","4.747509299","9.57161049","12.403578481"
"artifacts_pods/cilium/qps-500/repeat-run/agentic-cilium.k8s.local_QPS500_2026-07-29_06-11-18/PodStartupLatency_TotalPodStartupLatency_agentic-sandboxes_2026-07-29T06:22:16Z.json","create_to_schedule","3.304715739","7.712345196","11.136102288"
"artifacts_pods/cilium/qps-500/repeat-run/agentic-cilium.k8s.local_QPS500_2026-07-29_06-11-18/PodStartupLatency_TotalPodStartupLatency_agentic-sandboxes_2026-07-29T06:22:16Z.json","schedule_to_run","1.42303809","2.278744012","4.256907505999999"
"artifacts_pods/cilium/qps-500/repeat-run/agentic-cilium.k8s.local_QPS500_2026-07-29_06-11-18/PodStartupLatency_TotalPodStartupLatency_agentic-sandboxes_2026-07-29T06:22:16Z.json","run_to_watch","0","0","0"
"artifacts_pods/cilium/qps-500/repeat-run/agentic-cilium.k8s.local_QPS500_2026-07-29_06-11-18/PodStartupLatency_TotalPodStartupLatency_agentic-sandboxes_2026-07-29T06:22:16Z.json","schedule_to_watch","1.42303809","2.278744012","4.256907505999999"
"artifacts_pods/cilium/qps-500/repeat-run/agentic-cilium.k8s.local_QPS500_2026-07-29_06-11-18/PodStartupLatency_TotalPodStartupLatency_agentic-sandboxes_2026-07-29T06:22:16Z.json","pod_startup","4.747509299","9.57161049","12.403578481"
"artifacts_pods/cilium/qps-500/verified-run/agentic-cilium.k8s.local_QPS500_2026-07-28_23-39-34/PodStartupLatency_TotalPodStartupLatency_agentic-sandboxes_2026-07-28T23:48:00Z.json","pod_startup","4.476108055","8.096831604","11.160358333"
"artifacts_pods/cilium/qps-500/verified-run/agentic-cilium.k8s.local_QPS500_2026-07-28_23-39-34/PodStartupLatency_TotalPodStartupLatency_agentic-sandboxes_2026-07-28T23:48:00Z.json","create_to_run","4.476108055","8.096831604","11.160358333"
"artifacts_pods/cilium/qps-500/verified-run/agentic-cilium.k8s.local_QPS500_2026-07-28_23-39-34/PodStartupLatency_TotalPodStartupLatency_agentic-sandboxes_2026-07-28T23:48:00Z.json","create_to_schedule","3.024184153","5.901903879000001","7.337740211"
"artifacts_pods/cilium/qps-500/verified-run/agentic-cilium.k8s.local_QPS500_2026-07-28_23-39-34/PodStartupLatency_TotalPodStartupLatency_agentic-sandboxes_2026-07-28T23:48:00Z.json","schedule_to_run","1.489899109","2.9040406429999996","5.481631136"
"artifacts_pods/cilium/qps-500/verified-run/agentic-cilium.k8s.local_QPS500_2026-07-28_23-39-34/PodStartupLatency_TotalPodStartupLatency_agentic-sandboxes_2026-07-28T23:48:00Z.json","run_to_watch","0","0","0"
"artifacts_pods/cilium/qps-500/verified-run/agentic-cilium.k8s.local_QPS500_2026-07-28_23-39-34/PodStartupLatency_TotalPodStartupLatency_agentic-sandboxes_2026-07-28T23:48:00Z.json","schedule_to_watch","1.489899109","2.9040406429999996","5.481631136"
"artifacts_pods/kindnet/500qps-optimizations/1-nri-socket-mounted/agentic-netpol.k8s.local_QPS500_2026-07-29_09-30-51/PodStartupLatency_TotalPodStartupLatency_agentic-sandboxes_2026-07-29T09:44:12Z.json","run_to_watch","0","0","0"
"artifacts_pods/kindnet/500qps-optimizations/1-nri-socket-mounted/agentic-netpol.k8s.local_QPS500_2026-07-29_09-30-51/PodStartupLatency_TotalPodStartupLatency_agentic-sandboxes_2026-07-29T09:44:12Z.json","schedule_to_watch","9.77816892","31.462984888999998","65.91257703299999"
"artifacts_pods/kindnet/500qps-optimizations/1-nri-socket-mounted/agentic-netpol.k8s.local_QPS500_2026-07-29_09-30-51/PodStartupLatency_TotalPodStartupLatency_agentic-sandboxes_2026-07-29T09:44:12Z.json","pod_startup","10.236007775000001","33.355803218","67.51586260399999"
"artifacts_pods/kindnet/500qps-optimizations/1-nri-socket-mounted/agentic-netpol.k8s.local_QPS500_2026-07-29_09-30-51/PodStartupLatency_TotalPodStartupLatency_agentic-sandboxes_2026-07-29T09:44:12Z.json","create_to_run","10.236007775000001","33.355803218","67.51586260399999"
"artifacts_pods/kindnet/500qps-optimizations/1-nri-socket-mounted/agentic-netpol.k8s.local_QPS500_2026-07-29_09-30-51/PodStartupLatency_TotalPodStartupLatency_agentic-sandboxes_2026-07-29T09:44:12Z.json","create_to_schedule","0.314607333","1.375029534","5.3372567570000005"
"artifacts_pods/kindnet/500qps-optimizations/1-nri-socket-mounted/agentic-netpol.k8s.local_QPS500_2026-07-29_09-30-51/PodStartupLatency_TotalPodStartupLatency_agentic-sandboxes_2026-07-29T09:44:12Z.json","schedule_to_run","9.77816892","31.462984888999998","65.91257703299999"
"artifacts_pods/kindnet/500qps-optimizations/2-nri-plus-apf-tuned-150shares/agentic-netpol.k8s.local_QPS500_2026-07-29_09-50-51/PodStartupLatency_TotalPodStartupLatency_agentic-sandboxes_2026-07-29T10:04:02Z.json","schedule_to_watch","6.470075652","19.228291970999997","50.43418778"
"artifacts_pods/kindnet/500qps-optimizations/2-nri-plus-apf-tuned-150shares/agentic-netpol.k8s.local_QPS500_2026-07-29_09-50-51/PodStartupLatency_TotalPodStartupLatency_agentic-sandboxes_2026-07-29T10:04:02Z.json","pod_startup","6.960597429000001","21.766668887","51.335260431"
"artifacts_pods/kindnet/500qps-optimizations/2-nri-plus-apf-tuned-150shares/agentic-netpol.k8s.local_QPS500_2026-07-29_09-50-51/PodStartupLatency_TotalPodStartupLatency_agentic-sandboxes_2026-07-29T10:04:02Z.json","create_to_run","6.960597429000001","21.766668887","51.335260431"
"artifacts_pods/kindnet/500qps-optimizations/2-nri-plus-apf-tuned-150shares/agentic-netpol.k8s.local_QPS500_2026-07-29_09-50-51/PodStartupLatency_TotalPodStartupLatency_agentic-sandboxes_2026-07-29T10:04:02Z.json","create_to_schedule","0.365999718","1.978837827","6.605820587999999"
"artifacts_pods/kindnet/500qps-optimizations/2-nri-plus-apf-tuned-150shares/agentic-netpol.k8s.local_QPS500_2026-07-29_09-50-51/PodStartupLatency_TotalPodStartupLatency_agentic-sandboxes_2026-07-29T10:04:02Z.json","schedule_to_run","6.470075652","19.228291970999997","50.43418778"
"artifacts_pods/kindnet/500qps-optimizations/2-nri-plus-apf-tuned-150shares/agentic-netpol.k8s.local_QPS500_2026-07-29_09-50-51/PodStartupLatency_TotalPodStartupLatency_agentic-sandboxes_2026-07-29T10:04:02Z.json","run_to_watch","0","0","0"
"artifacts_pods/kindnet/500qps-optimizations/3-nri-plus-high-kubelet-apf-200shares/agentic-netpol.k8s.local_QPS500_2026-07-29_10-08-07/PodStartupLatency_TotalPodStartupLatency_agentic-sandboxes_2026-07-29T10:20:34Z.json","run_to_watch","0","0","0"
"artifacts_pods/kindnet/500qps-optimizations/3-nri-plus-high-kubelet-apf-200shares/agentic-netpol.k8s.local_QPS500_2026-07-29_10-08-07/PodStartupLatency_TotalPodStartupLatency_agentic-sandboxes_2026-07-29T10:20:34Z.json","schedule_to_watch","12.113338904","26.723732088000002","46.525530781"
"artifacts_pods/kindnet/500qps-optimizations/3-nri-plus-high-kubelet-apf-200shares/agentic-netpol.k8s.local_QPS500_2026-07-29_10-08-07/PodStartupLatency_TotalPodStartupLatency_agentic-sandboxes_2026-07-29T10:20:34Z.json","pod_startup","18.330309869","52.201766324999994","79.49620881"
"artifacts_pods/kindnet/500qps-optimizations/3-nri-plus-high-kubelet-apf-200shares/agentic-netpol.k8s.local_QPS500_2026-07-29_10-08-07/PodStartupLatency_TotalPodStartupLatency_agentic-sandboxes_2026-07-29T10:20:34Z.json","create_to_run","18.330309869","52.201766324999994","79.49620881"
"artifacts_pods/kindnet/500qps-optimizations/3-nri-plus-high-kubelet-apf-200shares/agentic-netpol.k8s.local_QPS500_2026-07-29_10-08-07/PodStartupLatency_TotalPodStartupLatency_agentic-sandboxes_2026-07-29T10:20:34Z.json","create_to_schedule","5.486565637","27.590229015000002","37.631884635"
"artifacts_pods/kindnet/500qps-optimizations/3-nri-plus-high-kubelet-apf-200shares/agentic-netpol.k8s.local_QPS500_2026-07-29_10-08-07/PodStartupLatency_TotalPodStartupLatency_agentic-sandboxes_2026-07-29T10:20:34Z.json","schedule_to_run","12.113338904","26.723732088000002","46.525530781"
"artifacts_pods/kindnet/500qps-optimizations/4-reverted-default-apf/agentic-netpol.k8s.local_QPS500_2026-07-29_10-38-09/PodStartupLatency_TotalPodStartupLatency_agentic-sandboxes_2026-07-29T10:52:54Z.json","schedule_to_watch","20.203308206000003","58.256478562999995","102.591277719"
"artifacts_pods/kindnet/500qps-optimizations/4-reverted-default-apf/agentic-netpol.k8s.local_QPS500_2026-07-29_10-38-09/PodStartupLatency_TotalPodStartupLatency_agentic-sandboxes_2026-07-29T10:52:54Z.json","pod_startup","27.861239421999997","80.543656003","129.410721657"
"artifacts_pods/kindnet/500qps-optimizations/4-reverted-default-apf/agentic-netpol.k8s.local_QPS500_2026-07-29_10-38-09/PodStartupLatency_TotalPodStartupLatency_agentic-sandboxes_2026-07-29T10:52:54Z.json","create_to_run","27.861239421999997","80.543656003","129.410721657"
"artifacts_pods/kindnet/500qps-optimizations/4-reverted-default-apf/agentic-netpol.k8s.local_QPS500_2026-07-29_10-38-09/PodStartupLatency_TotalPodStartupLatency_agentic-sandboxes_2026-07-29T10:52:54Z.json","create_to_schedule","6.245056252","28.995322768","39.276360366"
"artifacts_pods/kindnet/500qps-optimizations/4-reverted-default-apf/agentic-netpol.k8s.local_QPS500_2026-07-29_10-38-09/PodStartupLatency_TotalPodStartupLatency_agentic-sandboxes_2026-07-29T10:52:54Z.json","schedule_to_run","20.203308206000003","58.256478562999995","102.591277719"
"artifacts_pods/kindnet/500qps-optimizations/4-reverted-default-apf/agentic-netpol.k8s.local_QPS500_2026-07-29_10-38-09/PodStartupLatency_TotalPodStartupLatency_agentic-sandboxes_2026-07-29T10:52:54Z.json","run_to_watch","0","0","0"
"artifacts_pods/kindnet/500qps-optimizations/5-v1.0.1-plus-nri-plus-apf-exempt/agentic-netpol.k8s.local_QPS500_2026-07-29_11-09-49/PodStartupLatency_TotalPodStartupLatency_agentic-sandboxes_2026-07-29T11:19:35Z.json","create_to_run","20.776537123999997","74.927312077","95.789664812"
"artifacts_pods/kindnet/500qps-optimizations/5-v1.0.1-plus-nri-plus-apf-exempt/agentic-netpol.k8s.local_QPS500_2026-07-29_11-09-49/PodStartupLatency_TotalPodStartupLatency_agentic-sandboxes_2026-07-29T11:19:35Z.json","create_to_schedule","15.673959386","73.58050980099999","94.555315833"
"artifacts_pods/kindnet/500qps-optimizations/5-v1.0.1-plus-nri-plus-apf-exempt/agentic-netpol.k8s.local_QPS500_2026-07-29_11-09-49/PodStartupLatency_TotalPodStartupLatency_agentic-sandboxes_2026-07-29T11:19:35Z.json","schedule_to_run","2.345165047","8.828434624","9.717492656000001"
"artifacts_pods/kindnet/500qps-optimizations/5-v1.0.1-plus-nri-plus-apf-exempt/agentic-netpol.k8s.local_QPS500_2026-07-29_11-09-49/PodStartupLatency_TotalPodStartupLatency_agentic-sandboxes_2026-07-29T11:19:35Z.json","run_to_watch","0","0","0"
"artifacts_pods/kindnet/500qps-optimizations/5-v1.0.1-plus-nri-plus-apf-exempt/agentic-netpol.k8s.local_QPS500_2026-07-29_11-09-49/PodStartupLatency_TotalPodStartupLatency_agentic-sandboxes_2026-07-29T11:19:35Z.json","schedule_to_watch","2.345165047","8.828434624","9.717492656000001"
"artifacts_pods/kindnet/500qps-optimizations/5-v1.0.1-plus-nri-plus-apf-exempt/agentic-netpol.k8s.local_QPS500_2026-07-29_11-09-49/PodStartupLatency_TotalPodStartupLatency_agentic-sandboxes_2026-07-29T11:19:35Z.json","pod_startup","20.776537123999997","74.927312077","95.789664812"
"artifacts_pods/kindnet/baseline-sweep/qps-100/agentic-netpol.k8s.local_QPS100_2026-07-29_07-31-32/PodStartupLatency_TotalPodStartupLatency_agentic-sandboxes_2026-07-29T07:48:52Z.json","schedule_to_watch","1.621033069","3.197412705","7.14278221"
"artifacts_pods/kindnet/baseline-sweep/qps-100/agentic-netpol.k8s.local_QPS100_2026-07-29_07-31-32/PodStartupLatency_TotalPodStartupLatency_agentic-sandboxes_2026-07-29T07:48:52Z.json","pod_startup","1.687012958","3.3723207029999998","7.377905113"
"artifacts_pods/kindnet/baseline-sweep/qps-100/agentic-netpol.k8s.local_QPS100_2026-07-29_07-31-32/PodStartupLatency_TotalPodStartupLatency_agentic-sandboxes_2026-07-29T07:48:52Z.json","create_to_run","1.687012958","3.3723207029999998","7.377905113"
"artifacts_pods/kindnet/baseline-sweep/qps-100/agentic-netpol.k8s.local_QPS100_2026-07-29_07-31-32/PodStartupLatency_TotalPodStartupLatency_agentic-sandboxes_2026-07-29T07:48:52Z.json","create_to_schedule","0.01525371","0.263790754","0.991547222"
"artifacts_pods/kindnet/baseline-sweep/qps-100/agentic-netpol.k8s.local_QPS100_2026-07-29_07-31-32/PodStartupLatency_TotalPodStartupLatency_agentic-sandboxes_2026-07-29T07:48:52Z.json","schedule_to_run","1.621033069","3.197412705","7.14278221"
"artifacts_pods/kindnet/baseline-sweep/qps-100/agentic-netpol.k8s.local_QPS100_2026-07-29_07-31-32/PodStartupLatency_TotalPodStartupLatency_agentic-sandboxes_2026-07-29T07:48:52Z.json","run_to_watch","0","0","0"
"artifacts_pods/kindnet/baseline-sweep/qps-200/agentic-netpol.k8s.local_QPS200_2026-07-29_07-55-30/PodStartupLatency_TotalPodStartupLatency_agentic-sandboxes_2026-07-29T08:10:02Z.json","pod_startup","9.078025390999999","24.114720397","59.484921756999995"
"artifacts_pods/kindnet/baseline-sweep/qps-200/agentic-netpol.k8s.local_QPS200_2026-07-29_07-55-30/PodStartupLatency_TotalPodStartupLatency_agentic-sandboxes_2026-07-29T08:10:02Z.json","create_to_run","9.078025390999999","24.114720397","59.484921756999995"
"artifacts_pods/kindnet/baseline-sweep/qps-200/agentic-netpol.k8s.local_QPS200_2026-07-29_07-55-30/PodStartupLatency_TotalPodStartupLatency_agentic-sandboxes_2026-07-29T08:10:02Z.json","create_to_schedule","0.088601731","0.6086633819999999","5.145098076"
"artifacts_pods/kindnet/baseline-sweep/qps-200/agentic-netpol.k8s.local_QPS200_2026-07-29_07-55-30/PodStartupLatency_TotalPodStartupLatency_agentic-sandboxes_2026-07-29T08:10:02Z.json","schedule_to_run","8.854298350999999","23.317898109","59.347173756"
"artifacts_pods/kindnet/baseline-sweep/qps-200/agentic-netpol.k8s.local_QPS200_2026-07-29_07-55-30/PodStartupLatency_TotalPodStartupLatency_agentic-sandboxes_2026-07-29T08:10:02Z.json","run_to_watch","0","0","0"
"artifacts_pods/kindnet/baseline-sweep/qps-200/agentic-netpol.k8s.local_QPS200_2026-07-29_07-55-30/PodStartupLatency_TotalPodStartupLatency_agentic-sandboxes_2026-07-29T08:10:02Z.json","schedule_to_watch","8.854298350999999","23.317898109","59.347173756"
"artifacts_pods/kindnet/baseline-sweep/qps-50/agentic-netpol.k8s.local_QPS50_2026-07-29_06-56-26/PodStartupLatency_TotalPodStartupLatency_agentic-sandboxes_2026-07-29T07:23:44Z.json","schedule_to_watch","1.151540112","1.5604849079999998","4.8326774409999995"
"artifacts_pods/kindnet/baseline-sweep/qps-50/agentic-netpol.k8s.local_QPS50_2026-07-29_06-56-26/PodStartupLatency_TotalPodStartupLatency_agentic-sandboxes_2026-07-29T07:23:44Z.json","pod_startup","1.163731125","1.572730955","4.8546667779999995"
"artifacts_pods/kindnet/baseline-sweep/qps-50/agentic-netpol.k8s.local_QPS50_2026-07-29_06-56-26/PodStartupLatency_TotalPodStartupLatency_agentic-sandboxes_2026-07-29T07:23:44Z.json","create_to_run","1.163731125","1.572730955","4.8546667779999995"
"artifacts_pods/kindnet/baseline-sweep/qps-50/agentic-netpol.k8s.local_QPS50_2026-07-29_06-56-26/PodStartupLatency_TotalPodStartupLatency_agentic-sandboxes_2026-07-29T07:23:44Z.json","create_to_schedule","0.008239209","0.016871778","0.106924198"
"artifacts_pods/kindnet/baseline-sweep/qps-50/agentic-netpol.k8s.local_QPS50_2026-07-29_06-56-26/PodStartupLatency_TotalPodStartupLatency_agentic-sandboxes_2026-07-29T07:23:44Z.json","schedule_to_run","1.151540112","1.5604849079999998","4.8326774409999995"
"artifacts_pods/kindnet/baseline-sweep/qps-50/agentic-netpol.k8s.local_QPS50_2026-07-29_06-56-26/PodStartupLatency_TotalPodStartupLatency_agentic-sandboxes_2026-07-29T07:23:44Z.json","run_to_watch","0","0","0"
"artifacts_pods/kindnet/baseline-sweep/qps-500/agentic-netpol.k8s.local_QPS500_2026-07-29_08-16-38/PodStartupLatency_TotalPodStartupLatency_agentic-sandboxes_2026-07-29T08:30:10Z.json","schedule_to_watch","7.9221139119999995","20.410699086","57.068153586"
"artifacts_pods/kindnet/baseline-sweep/qps-500/agentic-netpol.k8s.local_QPS500_2026-07-29_08-16-38/PodStartupLatency_TotalPodStartupLatency_agentic-sandboxes_2026-07-29T08:30:10Z.json","pod_startup","8.378313453","21.405171809","57.628927344000004"
"artifacts_pods/kindnet/baseline-sweep/qps-500/agentic-netpol.k8s.local_QPS500_2026-07-29_08-16-38/PodStartupLatency_TotalPodStartupLatency_agentic-sandboxes_2026-07-29T08:30:10Z.json","create_to_run","8.378313453","21.405171809","57.628927344000004"
"artifacts_pods/kindnet/baseline-sweep/qps-500/agentic-netpol.k8s.local_QPS500_2026-07-29_08-16-38/PodStartupLatency_TotalPodStartupLatency_agentic-sandboxes_2026-07-29T08:30:10Z.json","create_to_schedule","0.299399899","0.99942918","2.72785448"
"artifacts_pods/kindnet/baseline-sweep/qps-500/agentic-netpol.k8s.local_QPS500_2026-07-29_08-16-38/PodStartupLatency_TotalPodStartupLatency_agentic-sandboxes_2026-07-29T08:30:10Z.json","schedule_to_run","7.9221139119999995","20.410699086","57.068153586"
"artifacts_pods/kindnet/baseline-sweep/qps-500/agentic-netpol.k8s.local_QPS500_2026-07-29_08-16-38/PodStartupLatency_TotalPodStartupLatency_agentic-sandboxes_2026-07-29T08:30:10Z.json","run_to_watch","0","0","0"
"manifests/agentic-sandbox/reports/PodStartupLatency_TotalPodStartupLatency_agentic-sandboxes_2026-07-07T22:51:18Z.json","create_to_run","56.957979892000004","155.490588507","181.106898127"
"manifests/agentic-sandbox/reports/PodStartupLatency_TotalPodStartupLatency_agentic-sandboxes_2026-07-07T22:51:18Z.json","create_to_schedule","45.114291676","152.829950532","178.57940664699998"
"manifests/agentic-sandbox/reports/PodStartupLatency_TotalPodStartupLatency_agentic-sandboxes_2026-07-07T22:51:18Z.json","schedule_to_run","6.9099582879999994","21.139561398999998","64.657681423"
"manifests/agentic-sandbox/reports/PodStartupLatency_TotalPodStartupLatency_agentic-sandboxes_2026-07-07T22:51:18Z.json","run_to_watch","0","0","0"
"manifests/agentic-sandbox/reports/PodStartupLatency_TotalPodStartupLatency_agentic-sandboxes_2026-07-07T22:51:18Z.json","schedule_to_watch","6.9099582879999994","21.139561398999998","64.657681423"
"manifests/agentic-sandbox/reports/PodStartupLatency_TotalPodStartupLatency_agentic-sandboxes_2026-07-07T22:51:18Z.json","pod_startup","56.957979892000004","155.490588507","181.106898127"
"manifests/agentic-sandbox/reports/run2_hpt/PodStartupLatency_TotalPodStartupLatency_agentic-sandboxes_2026-07-08T01:12:08Z.json","schedule_to_run","0","0","0"
"manifests/agentic-sandbox/reports/run2_hpt/PodStartupLatency_TotalPodStartupLatency_agentic-sandboxes_2026-07-08T01:12:08Z.json","run_to_watch","0","0","0"
"manifests/agentic-sandbox/reports/run2_hpt/PodStartupLatency_TotalPodStartupLatency_agentic-sandboxes_2026-07-08T01:12:08Z.json","schedule_to_watch","0","0","0"
"manifests/agentic-sandbox/reports/run2_hpt/PodStartupLatency_TotalPodStartupLatency_agentic-sandboxes_2026-07-08T01:12:08Z.json","pod_startup","0","0","0"
"manifests/agentic-sandbox/reports/run2_hpt/PodStartupLatency_TotalPodStartupLatency_agentic-sandboxes_2026-07-08T01:12:08Z.json","create_to_run","0","0","0"
"manifests/agentic-sandbox/reports/run2_hpt/PodStartupLatency_TotalPodStartupLatency_agentic-sandboxes_2026-07-08T01:12:08Z.json","create_to_schedule","0","0","0"
"manifests/agentic-sandbox/reports/run3_hpt/PodStartupLatency_TotalPodStartupLatency_agentic-sandboxes_2026-07-08T02:39:53Z.json","create_to_run","121.171044439","291.23057507600004","382.99740277"
"manifests/agentic-sandbox/reports/run3_hpt/PodStartupLatency_TotalPodStartupLatency_agentic-sandboxes_2026-07-08T02:39:53Z.json","create_to_schedule","0.254317234","7.940842260999999","22.106643916"
"manifests/agentic-sandbox/reports/run3_hpt/PodStartupLatency_TotalPodStartupLatency_agentic-sandboxes_2026-07-08T02:39:53Z.json","schedule_to_run","118.259044817","288.753631261","376.69498223000005"
"manifests/agentic-sandbox/reports/run3_hpt/PodStartupLatency_TotalPodStartupLatency_agentic-sandboxes_2026-07-08T02:39:53Z.json","run_to_watch","0","0","0"
"manifests/agentic-sandbox/reports/run3_hpt/PodStartupLatency_TotalPodStartupLatency_agentic-sandboxes_2026-07-08T02:39:53Z.json","schedule_to_watch","118.259044817","288.753631261","376.69498223000005"
"manifests/agentic-sandbox/reports/run3_hpt/PodStartupLatency_TotalPodStartupLatency_agentic-sandboxes_2026-07-08T02:39:53Z.json","pod_startup","121.171044439","291.23057507600004","382.99740277"
